{
    "assets_params": {
        "prpp": 0,
        "pv": -1,
        "Freq": 0,
        "p1dcv": 0,
        "bptt": 38.7199974060059,
        "ls": 1,
        "ss": 0,
        "pcvolt": 0,
        "soc": 44.5,
        "sas": 2147483648,
        "hum": 50,
        "pspd1": 0.569999992847443,
        "prnp": 0,
        "pcrpow": 0,
        "p1fst": 0,
        "p1invpow": 0,
        "bsoc": 44.5,
        "prcr": 1,
        "PVBP": 0,
        "prvolt": 49.3120040893555,
        "pclpow": 0,
        "p1acost": 0,
        "prspps": 2.40999984741211,
        "bocv": 1.37500011920929,
        "hs": -67.1699981689453,
        "prcurr": 0.479999989271164,
        "nthlf": 1,
        "asset_id": 6,
        "p1fsp": 0,
        "InvTemp": 0,
        "bntt": 39.0499992370605,
        "nv": -1,
        "PVSP": 0,
        "bcmst": 3,
        "bpow": 0.0299999993294477,
        "bcurr": 0.75,
        "pthlf": 1,
        "bvolt": 49.2130012512207,
        "pccurr": 0,
        "sm": 1500,
        "ptllf": 0,
        "temp": 39,
        "pspd": 0,
        "PVStat": 0,
        "prdr": 1,
        "bv": 0,
        "ntllf": 0,
        "p1dbc": 0,
        "pcacpow": 0,
        "prsnps": 2.98000001907349,
        "charge_level": 43.9490432739258
    },
    "gateway_id": "390",
    "org_id": "3",
    "project_id": "70",
    "timestamp": 1687240944,
    "uptime": 60856
}